lesion_id,AKIEC,BCC,BEN_OTH,BKL,DF,INF,MAL_OTH,MEL,NV,SCCKA,VASC
IL_0006205,0.0760971,0.82832354,0.0015528543,0.19866243,0.0003246246,0.00021790958,3.8153266e-06,0.04096477,0.0047628474,0.9281664,0.009838484
IL_0025400,0.43130976,0.68207294,0.0002981156,0.7287839,0.0133831445,0.003914548,9.5064075e-05,0.049542014,0.006379531,0.47099677,0.0027797217
IL_0039001,0.35039648,0.7469417,0.54894024,0.86631215,0.04731224,0.114559956,0.043702368,0.019702854,0.32012692,0.040546663,0.37317052
IL_0046799,0.007570316,0.33270428,0.0015213694,0.3379703,0.004629307,1.0256098e-06,0.0022928438,0.33089426,0.0034501315,0.984752,0.001725631
IL_0054262,0.467538,0.88385355,0.41516745,0.4451928,0.8120082,0.85908735,0.06878745,0.13798988,0.3732802,0.13895556,0.1554587
IL_0056788,0.89508206,0.6377965,0.04861715,0.9011472,0.013328158,0.012907331,0.010856486,0.6646316,0.015656652,0.14730592,0.0034667659
IL_0093956,0.8239436,0.4873061,0.5347078,0.40305778,0.0015982441,0.08539508,0.0011604748,0.8013911,0.3782718,0.20345211,0.020656887
IL_0103904,0.8104928,0.7531528,0.02925824,0.29220617,0.0006046434,0.00957876,0.0049942005,0.64813083,0.008988989,0.58146036,0.0005674398
IL_0118369,0.057679784,0.18508089,0.014657592,0.4795097,0.037583567,0.33595183,0.0009390255,0.20968148,0.9287653,0.14470206,0.8127289
IL_0151990,0.02773924,0.22928064,0.1840461,0.76232374,0.13370089,0.028951887,0.121263064,0.3655274,0.72728074,0.09818246,0.4040086
IL_0171236,0.6222911,0.124967344,0.22341827,0.5068321,0.037163608,0.61516815,0.00014845168,0.3297781,0.38499305,0.5277896,0.0039182524
IL_0183960,0.2502497,0.80185205,0.55683255,0.26662636,0.46552047,0.18585841,0.01404757,0.907164,0.123640046,0.09431829,0.26689357
IL_0207706,0.33421212,0.43842682,0.0020722167,0.53821105,0.0064031146,0.00018958667,0.12467652,0.70095146,0.073470205,0.1321923,0.054726545
IL_0207891,0.581358,0.54164135,0.0002842815,0.26320395,0.56781965,0.00032671445,0.020501286,0.16639061,0.03386155,0.9639356,0.0014913765
IL_0225203,0.03356936,0.7240486,0.00071686745,0.9166372,0.07847961,0.00029501985,0.046144743,0.15419944,0.028936656,0.1216357,0.035397753
IL_0227635,0.9293681,0.38527048,0.019762773,0.9603639,0.1353713,0.005038303,0.0001278974,0.3957213,0.0107299425,0.10132252,0.0013404392
IL_0259815,0.6931628,0.72896504,0.15125579,0.7759125,0.40982628,0.3472352,0.26204145,0.47112444,0.30244556,0.34960517,0.1501552
IL_0260810,0.040836576,0.44398302,0.06257557,0.71340543,0.024841132,0.010613795,0.0016269853,0.6916513,0.28479958,0.20161813,0.051637325
IL_0262469,0.9350685,0.55938035,0.54040325,0.8306814,0.0016527922,0.012790663,0.005857803,0.5506938,0.0107560875,0.71550757,0.002694528
IL_0267598,0.2514445,0.6435542,0.42869708,0.742899,0.004794867,0.0025659355,0.0070827473,0.1428822,0.42036963,0.12674072,0.04393533
IL_0312376,0.54687023,0.43982482,0.11354798,0.8339116,0.0033749552,0.023509197,0.009904075,0.46153677,0.07515224,0.20497593,0.012367024
IL_0331012,0.14993605,0.84459865,0.087550506,0.48914215,0.02201729,0.007003102,0.35317516,0.4767454,0.031193623,0.043429717,0.006642512
IL_0344325,0.1586257,0.91254777,0.03320874,0.6183689,0.0038703321,0.9538064,0.00573223,0.24287795,0.112862445,0.0021938633,0.013332128
IL_0403731,0.8132119,0.08713628,0.006681195,0.7608599,0.01906516,0.0011722206,0.00073964376,0.17338133,0.0319051,0.91715044,0.0002710192
IL_0404181,0.6902733,0.721821,0.03751436,0.8341332,0.19301808,0.043100063,0.0004811115,0.34698886,0.01110925,0.07129497,0.0015590853
IL_0465184,0.021237124,0.95446676,0.0044420487,0.8541005,0.004981585,1.631482e-05,0.004972507,0.124471284,0.036946606,0.008926642,4.3355616e-05
IL_0492696,0.1942617,0.3165969,0.061389334,0.43631464,0.0057022315,0.0699551,0.025857085,0.6204568,0.48879883,0.004047622,0.5350013
IL_0560781,0.12145155,0.23453735,0.0066100806,0.4743971,0.8452487,0.0044523957,0.0014753535,0.9156105,0.03098708,0.23517084,0.01855597
IL_0575017,0.037039023,0.118565425,0.013398812,0.3984008,0.6975979,0.08853261,0.012514725,0.5097105,0.8878321,0.0020136596,0.34908473
IL_0578791,0.07627153,0.8517581,0.83444685,0.42319447,0.103369206,0.93169445,0.25786695,0.6811611,0.10051599,0.04328889,0.022740217
IL_0611781,0.9203536,0.8592206,0.035349067,0.22342977,0.0008250358,0.24215792,0.00083858205,0.52414364,0.00860809,0.8903843,0.0032461458
IL_0649132,0.012405193,0.77640116,0.09841467,0.8197809,0.80165976,0.0076352484,0.0011355479,0.1586767,0.37170628,0.08572427,0.1560892
IL_0704269,0.2598964,0.3981679,0.2215617,0.5817559,0.033262473,0.0032802972,0.002851684,0.43668705,0.03634497,0.715082,0.110879906
IL_0718371,0.20855281,0.17964223,0.001261815,0.6101098,0.0014677842,0.00086461066,0.012519258,0.28501552,0.007468395,0.99376726,0.009540803
IL_0721442,0.18236095,0.09913193,0.0025179295,0.75547755,0.016806437,0.00040281573,0.0032334125,0.12986213,0.07110998,0.9922907,0.042167816
IL_0754056,0.7188107,0.553912,0.022586558,0.46994603,3.94095e-05,0.020365559,9.9185825e-05,0.06797017,0.09549632,0.9465413,0.0047224956
IL_0808321,0.53152937,0.60912025,0.008791084,0.5584906,0.2995744,0.041739613,0.027901156,0.27712148,0.08232888,0.40284386,0.0045734863
IL_0854378,0.36784694,0.6438224,0.13431676,0.16754569,0.09082675,0.42787904,0.0011180871,0.7430844,0.042291537,0.57357574,0.004429059
IL_0895462,0.02910856,0.9259962,0.00030867953,0.5490927,0.0047245044,3.308597e-05,1.2829897e-05,0.014158542,0.0064579034,0.01501692,0.00016899113
IL_0928130,0.2828263,0.32515758,0.14519171,0.8847575,0.032445207,0.0007083336,0.010836042,0.7598174,0.17668001,0.34800068,0.1842446
IL_0977585,0.2877745,0.29846364,0.051799145,0.8006233,0.00084294024,0.002861074,0.009313492,0.24830317,0.06972941,0.9297942,0.014641419
IL_0977986,0.50249743,0.34747615,0.009254471,0.883358,0.0058200806,0.035104215,0.003407159,0.184029,0.5225088,0.06534301,0.061362177
IL_0996202,0.8553573,0.2745014,0.022337819,0.55948657,0.73042,0.025046745,0.645023,0.78155696,0.42390049,0.2258487,0.08546381
IL_1009731,0.6954174,0.43521616,0.0103567885,0.79791015,0.06880444,0.03932148,0.0003984489,0.47911698,0.0049164835,0.92180145,0.020517614
IL_1011664,0.4928993,0.77581584,0.2258811,0.5475265,0.018570626,0.80963576,0.0034915376,0.42691398,0.052957088,0.78084934,0.011996296
IL_1020124,0.67224705,0.4726151,0.027397988,0.4844069,0.20350204,0.10738571,0.002114217,0.8910863,0.032319915,0.892777,0.003360722
IL_1024284,0.41750887,0.6478992,0.045645118,0.28879538,0.00017614652,0.21250923,0.00016199514,0.6412724,0.008588603,0.9474492,0.0017173551
IL_1024365,0.5369846,0.41672543,1.754263e-05,0.42912248,0.0018492794,2.5832915e-06,0.00049051567,0.77792126,0.0036787395,0.61913306,0.013072661
IL_1080907,0.3922698,0.73488086,0.0102410065,0.49494424,0.011137972,0.00036093433,0.022387229,0.0781555,0.018000888,0.57363254,0.00050011656
IL_1159502,0.53862065,0.68574,0.0013686208,0.5239767,0.023156567,0.2030882,0.00015628457,0.17582951,0.0299856,0.04669037,0.0018165739
IL_1183203,0.5796887,0.5806571,0.46863574,0.5215713,0.11976184,0.25725827,0.004170609,0.29396024,0.059263796,0.59481776,0.08980179
IL_1236220,0.0066120187,0.52865386,0.038065847,0.49821356,0.023922198,0.0008289472,0.02478379,0.014952604,0.020813104,0.8005352,0.049512994
IL_1246958,0.13810812,0.6462425,0.0012583811,0.0737109,0.9992372,0.94948083,0.0011520952,0.7355424,0.59220725,0.034285568,0.36368018
IL_1248470,0.68041223,0.68271357,0.0036385218,0.39956987,0.0008164754,0.0042315917,0.0007718458,0.5104087,0.021264674,0.8492467,0.0011186794
IL_1266003,0.03203443,0.27110627,0.22664763,0.57644635,0.022808565,0.016443964,0.008991137,0.944782,0.49845886,0.4322401,0.22183938
IL_1298091,0.7598517,0.73710376,0.095388055,0.5652424,0.062585734,0.029034669,0.0009283416,0.51018494,0.3664048,0.036988307,0.0041865553
IL_1418346,0.86221313,0.29870576,0.33392763,0.7032202,0.022764614,0.6445977,0.00088083284,0.63553476,0.03003133,0.75797635,0.00036174434
IL_1420891,0.42671224,0.16055241,0.46832544,0.5255884,0.59117377,0.61050254,0.11160991,0.5844691,0.57954884,0.018700387,0.037723374
IL_1431089,0.7624909,0.6233813,0.065525845,0.5157988,0.2492368,0.43654716,0.24460097,0.6193595,0.10575101,0.50789964,0.77629024
IL_1450991,0.051356427,0.8299831,0.0008794059,0.20454943,0.0142811695,0.29877973,0.004901701,0.73257416,0.14978415,0.025478488,0.0024203786
IL_1497560,0.28330478,0.5122231,0.090707086,0.6672149,0.44713575,0.31592897,0.0037361213,0.32498747,0.20630814,0.020913543,0.007785308
IL_1502550,0.48800337,0.64723545,0.85295886,0.34514797,0.98944247,0.79684854,0.108996704,0.13590011,0.6389683,0.43584484,0.08515908
IL_1515580,0.5433965,0.26594043,0.002823304,0.5244292,0.07681913,0.01920065,0.00088947924,0.5739736,0.4004818,0.5100397,0.073526144
IL_1562660,0.4449411,0.89506537,0.09281822,0.5926036,0.051692944,0.043498326,0.004871615,0.4736098,0.09262843,0.014972176,0.22734506
IL_1574123,0.21921538,0.52658623,0.30441457,0.7493368,0.15974419,0.022528974,0.0017110141,0.47294775,0.20535696,0.29978016,0.0034806181
IL_1619785,0.60861486,0.49021694,0.009449202,0.5394067,0.08941816,0.02536925,0.7705841,0.24135989,0.20271379,0.0438242,0.0055091716
IL_1633612,0.6659513,0.6355699,0.03965913,0.5577916,0.11933314,0.0057099448,0.08218439,0.13373326,0.01205245,0.74321055,0.0024890078
IL_1641818,0.6491017,0.2943385,0.37665895,0.65764695,0.0017902452,0.05494249,0.0008292833,0.40068942,0.11065467,0.713451,0.017908854
IL_1643221,0.58419657,0.50172764,0.0082199965,0.80137664,0.0041460725,0.008112341,0.0013783573,0.18470058,0.02134806,0.6849142,0.09579919
IL_1664752,0.9574313,0.37436542,0.019699514,0.1351034,0.0020160377,0.08735478,0.020019064,0.08844652,0.03261683,0.9122323,0.114151224
IL_1681515,0.5148859,0.5383675,0.0019568875,0.52228516,0.020195885,0.0064390297,0.00038731677,0.47216105,0.016600562,0.47165275,0.0012045593
IL_1688338,0.47600752,0.35316405,0.0031908415,0.63369626,0.0043324563,0.0018999017,0.04245071,0.25769398,0.5806028,0.035954658,0.018836219
IL_1706933,0.6225341,0.35537782,0.3893167,0.66654164,0.18083121,0.48658383,0.20952652,0.74045926,0.3470375,0.81108344,0.29362017
IL_1860067,0.52453583,0.79914594,0.003440034,0.8435455,0.010144652,0.010397059,0.0018374126,0.21148384,0.10466481,0.02582105,0.004055455
IL_1884002,0.8548734,0.49936816,0.077209555,0.8581525,0.26385263,0.3043809,0.0018688418,0.4685543,0.21449545,0.12816508,0.0016395889
IL_1897663,0.21725008,0.4543767,0.005400232,0.4162479,0.033452734,0.0067276205,0.0073994896,0.6089114,0.043487895,0.71983176,0.018940885
IL_1901178,0.85266805,0.62610245,0.095205106,0.40511215,0.23073688,0.0051910277,0.0002910197,0.6489297,0.07538402,0.027275294,0.00017093326
IL_1935222,0.81621236,0.7562497,4.697326e-05,0.79831874,3.227964e-05,0.0026016026,0.0042925305,0.04399235,0.13560046,0.033430632,0.029087488
IL_1968737,0.10598255,0.35438904,0.86379653,0.36220768,0.31573775,0.9386179,0.015844036,0.12279891,0.75141335,0.08015398,0.9774057
IL_1976391,0.080994375,0.65780205,0.05322246,0.5846966,0.027579729,0.45260128,0.70091337,0.3705916,0.1187652,0.27302775,0.039611146
IL_2021485,0.5602674,0.88925564,0.032952707,0.3201489,0.00036392472,0.022557314,0.00064523955,0.20130898,0.0325634,0.684779,0.031718947
IL_2031231,0.41705957,0.95738333,0.0054441737,0.5893199,0.0028826443,7.2087755e-06,0.0011357956,0.01324939,0.02235129,0.087555364,0.00016876342
IL_2042306,0.57978004,0.19195527,0.030465798,0.24474205,0.016465496,0.009970868,0.023917016,0.5580668,0.65667427,0.24765559,0.064014904
IL_2057670,0.38412565,0.7498811,0.4870207,0.34272376,0.033523027,0.103189856,0.019306194,0.37450126,0.12880178,0.5604724,0.25921276
IL_2058271,0.7556932,0.32870588,0.62352055,0.6430674,0.02217382,0.020874469,0.0027766703,0.7526916,0.0369873,0.5438106,0.0015937331
IL_2068901,0.8798043,0.80723363,0.4050979,0.82231057,0.5730563,0.16820014,0.002390862,0.92695445,0.0054154946,0.25899538,0.0007793854
IL_2076993,0.2807581,0.8314079,0.01905413,0.735888,0.0026470404,4.517912e-05,2.450454e-05,0.101819076,0.0021835691,0.376586,0.00056396204
IL_2078226,0.74116486,0.078590214,0.14201127,0.85522443,0.0779329,0.033423584,0.01017994,0.42980355,0.10647765,0.8283098,0.0013655098
IL_2081710,0.038449466,0.34132972,0.14139125,0.26119474,0.021541007,0.31084505,0.002678558,0.42185098,0.89256454,0.066635415,0.059122656
IL_2085556,0.41862226,0.6816324,0.0052333428,0.52822727,0.031873036,0.0076335147,0.009295313,0.17138109,0.01091217,0.61294466,0.014830708
IL_2090864,0.69785154,0.7334371,0.0011588394,0.62477624,0.0018874586,2.0352585e-05,0.0027067093,0.06337005,0.025707837,0.13880618,0.0009485477
IL_2144290,0.08440112,0.9065666,0.016552502,0.3351616,0.027703173,0.027264694,0.63029075,0.13286063,0.20565088,0.011092133,0.09243138
IL_2157015,0.8053499,0.33246782,0.011690508,0.6904593,0.4271,0.0052741966,0.31341752,0.43817547,0.079198055,0.27478936,0.0024877412
IL_2190574,0.67834693,0.57337636,0.0059623173,0.36454496,0.00067108695,0.10029471,0.0021938614,0.43518117,0.13681431,0.46409371,0.012348487
IL_2207792,0.054686278,0.27980095,0.2576049,0.14933103,0.9408582,0.040351145,0.067911126,0.8037119,0.36054945,0.083654955,0.8147564
IL_2254004,0.34603938,0.7489931,0.002487965,0.8867228,0.0003577419,0.00012300783,0.00013257616,0.04114526,0.0012889011,0.70139045,9.438573e-05
IL_2274232,0.42540458,0.8118694,0.067382,0.23213586,0.13934536,0.0012138387,0.013865793,0.012186668,0.04108141,0.2789166,0.018548554
IL_2283965,0.22823948,0.43053207,0.0006908531,0.46858945,0.00082000706,0.0011243288,0.020033441,0.22973841,0.050622914,0.8059007,0.003921866
IL_2330498,0.9817028,0.07241232,0.117236875,0.92081195,0.062917456,0.07465897,0.0149822105,0.14497301,0.023533942,0.9475057,0.003250861
IL_2354191,0.39565867,0.18840095,0.001825307,0.5584746,0.007881641,0.005528271,0.25548816,0.4398844,0.59854776,0.034672055,9.12121e-05
IL_2424578,0.3490712,0.23644726,0.014048995,0.5571536,0.0023134395,0.00024054998,0.0018290274,0.13249955,0.8673918,0.0018141426,0.022183
IL_2440740,0.038246498,0.39359874,0.03479823,0.25985923,0.01368891,0.036612406,0.0012644562,0.14107695,0.82039094,0.0017623979,0.08798189
IL_2451306,0.3030193,0.6291492,0.24123952,0.71806896,0.02588893,0.09958981,0.0041534402,0.8541369,0.40624955,0.021523345,0.39483175
IL_2508459,0.9134903,0.6500682,0.21589123,0.8864536,2.0588916e-05,0.001925235,0.00059823703,0.5827877,0.00757906,0.23218012,0.0143135395
IL_2512501,0.98156285,0.43595877,0.16777351,0.89698315,0.013442862,0.08565958,0.0021230297,0.71694344,0.0039381725,0.6774844,0.00057314197
IL_2520283,0.90222585,0.4080006,0.07477276,0.6358392,0.17634174,0.025881391,0.0018668685,0.017684918,0.013879367,0.7009969,0.022809815
IL_2532113,0.72918344,0.8893623,0.53171545,0.35810274,0.0008758903,0.048556592,0.00071889523,0.2214425,0.0067195375,0.61831695,0.003229863
IL_2541202,0.24572359,0.4407211,0.06222718,0.75088763,0.04270471,0.04094355,0.0022673826,0.58627564,0.39452246,0.028054863,0.029972667
IL_2542731,0.18472278,0.84671295,0.015047873,0.3561375,0.027397536,0.56870455,0.025360413,0.124186404,0.13308033,0.021266956,0.04155871
IL_2564178,0.8396463,0.69460076,0.015399978,0.7206205,0.0002797396,0.0030605379,0.0066455877,0.23503906,0.11724642,0.8980727,0.0008426271
IL_2579528,0.609497,0.65609473,0.8621006,0.5983977,0.07065637,0.40382525,0.054717,0.3257495,0.03950558,0.6825343,0.0103569
IL_2580737,0.06285986,0.776408,0.003045315,0.47702682,0.031228445,2.9813886e-05,4.072482e-05,0.13107398,0.01734364,0.16363047,0.015190526
IL_2620364,0.80068684,0.6038688,0.05794762,0.37227467,0.054688834,0.083246425,0.0016424302,0.11742932,0.11649609,0.62884,0.004324528
IL_2631882,0.42376286,0.70019925,0.10956379,0.5531206,0.11639658,0.0017860279,0.0042063547,0.76639867,0.27866882,0.016692372,0.009581682
IL_2632245,0.36807787,0.8459903,0.014963046,0.06866605,0.15082672,0.02025558,0.0010110197,0.11347206,0.021340499,0.7867258,0.0008193323
IL_2667257,0.4283927,0.72368455,0.0044527026,0.7738,0.49829045,0.68013126,0.047000837,0.7897062,0.08319876,0.1067837,0.0055232584
IL_2673683,0.7521937,0.46936986,0.0044087153,0.39912826,0.021038378,0.00040941036,0.0072570834,0.22560577,0.035076674,0.69865566,0.06806169
IL_2695389,0.33418295,0.8592983,0.0027518235,0.564419,0.61843437,0.0011962429,0.04759218,0.18750444,0.043645244,0.17289001,0.0038908601
IL_2697064,0.5355874,0.42542934,0.40253675,0.7014953,0.2857998,0.04499185,0.028651483,0.6983733,0.3698206,0.13768083,0.5920743
IL_2701771,0.73447,0.5644056,0.040744,0.58134943,0.051472403,0.1856513,0.015390852,0.74840647,0.28172895,0.020735377,0.0007930495
IL_2713699,0.78488433,0.41148826,0.06299808,0.49940157,0.28570953,0.166998,0.0007295892,0.062323935,0.1460648,0.3302435,0.0018642915
IL_2726821,0.4626445,0.8637897,0.00019438285,0.5224734,0.90643764,0.0003320106,0.00053616776,0.01045744,0.021550369,0.11949554,0.0052980417
IL_2729600,0.21252486,0.29134348,0.014475936,0.89570445,0.030359322,0.011087976,0.0007153405,0.107498035,0.13801977,0.3429557,5.8541336e-05
IL_2741580,0.3667802,0.94618803,3.465751e-05,0.1703806,0.051759318,9.151764e-05,0.00065514044,0.04156008,0.15414397,0.013059607,0.0018535781
IL_2778741,0.45057204,0.50981444,0.027410263,0.39931202,0.032005463,0.020629903,0.0061337217,0.42705697,0.06750736,0.56796825,0.08761429
IL_2784674,0.52270925,0.68305504,0.00576479,0.27935418,0.0033777682,0.017144877,0.0221612,0.57405907,0.0026150332,0.9157979,0.00047722363
IL_2788623,0.13402462,0.7416261,0.00015917124,0.25796416,0.0015904186,0.27940235,0.05568517,0.23475659,0.044228308,0.5292084,0.030189434
IL_2824067,0.20512965,0.65794176,0.078348204,0.69408613,0.15707986,0.11671527,0.049084652,0.21002768,0.42950523,0.056763086,0.06951747
IL_2840498,0.053505894,0.70394474,0.0023516887,0.078600004,0.0752454,0.013527656,0.011534187,0.50640213,0.6913223,0.015729638,0.15505223
IL_2844654,0.31780207,0.81172156,0.02871282,0.14477862,0.08682994,0.0063910633,0.0021862595,0.9144419,0.089395024,0.024256136,7.224593e-05
IL_2849392,0.91010886,0.5935543,0.02895618,0.3859662,0.0010934549,0.07967312,0.027516168,0.7801877,0.01641902,0.04234862,0.0062517733
IL_2851462,0.9155569,0.59113795,0.0108814305,0.8635863,0.008770267,0.0006750138,0.0011651997,0.4919559,0.008168734,0.57084,0.013708947
IL_2921273,0.18028815,0.91570294,0.0772131,0.33938456,0.009283732,0.46906006,0.0007265865,0.73669297,0.030378798,0.20614362,0.0058266902
IL_2936438,0.051478397,0.96876365,0.0008823566,0.6498491,0.0055027017,0.00022415888,9.0618414e-05,0.22985964,0.012989298,0.01532542,0.023302915
IL_2947403,0.92948276,0.27338353,0.09280968,0.6076191,0.9422931,0.16152312,0.0016044222,0.15732615,0.2755095,0.08761746,0.008622825
IL_2978149,0.38692942,0.696714,0.0012099278,0.50811225,0.3463258,0.5233342,0.01517266,0.66026056,0.06294305,0.007904848,0.05578745
IL_2996774,0.24217534,0.9078194,0.038704257,0.2064496,0.4055978,0.09185839,0.030013926,0.1202132,0.052462824,0.18389006,0.0017301299
IL_3007459,0.2997901,0.56961167,0.009885706,0.22669478,0.0038035903,0.046416245,0.011419508,0.58673906,0.05552863,0.7229646,0.0011783083
IL_3061357,0.94604397,0.7892435,0.024711777,0.27794987,0.0034620296,0.2783298,0.009212225,0.79858935,0.030012341,0.53272325,0.022379035
IL_3076877,0.42359138,0.71211284,0.007543121,0.75487757,0.00013799488,0.0010285695,0.00068947324,0.017276973,0.034258664,0.71536213,0.00089714053
IL_3084993,0.7196203,0.84327215,0.060379405,0.30782738,0.00027789714,0.39270568,0.012146551,0.20229489,0.12537216,0.5444126,0.019632556
IL_3109240,0.24082685,0.7415213,0.5239501,0.42377517,0.03283316,0.061991826,0.004888875,0.95968515,0.23133785,0.68381923,0.61223817
IL_3124812,0.22086835,0.6963345,0.061434783,0.6902025,0.0013988373,0.0021037892,0.0005997467,0.32891336,0.00940962,0.5851889,0.010078434
IL_3127619,0.9128123,0.23137753,0.052727193,0.7746853,0.054330137,0.14413534,0.0014711306,0.19582103,0.20877634,0.18307206,0.00177385
IL_3149454,0.67244506,0.7165233,0.007864431,0.5130159,0.11171395,0.10739052,0.003425221,0.76438886,0.09729141,0.02625273,0.0046621454
IL_3153787,0.10167149,0.2587948,0.010810079,0.48438552,0.018029442,0.006707884,0.012512121,0.4206883,0.85981977,0.0034138479,0.18837519
IL_3156984,0.091104075,0.33084238,0.0030152518,0.2653121,0.00082022004,7.155604e-05,0.04375039,0.80801326,0.1733461,0.0880603,0.00076744304
IL_3200972,0.942024,0.116301425,0.92609376,0.29415074,0.05668276,0.94050694,0.025787309,0.74483466,0.42701542,0.115374364,0.007970538
IL_3206011,0.15682134,0.63219345,0.0018492638,0.14423652,0.29057747,0.13306561,0.003690103,0.21955338,0.49760965,0.19546852,0.015615231
IL_3245297,0.02091249,0.5519921,0.045555495,0.6896701,0.044246193,0.001892035,0.003747421,0.08560604,0.25759906,0.6433356,0.16629794
IL_3275405,0.43279535,0.48062336,0.7247984,0.513539,0.5055208,0.6120743,0.027385887,0.10050232,0.21127197,0.49873364,0.42380473
IL_3278464,0.69412273,0.46101892,0.043290358,0.6431473,0.029128619,0.008544035,0.0045119678,0.20371869,0.0052361237,0.8601118,0.002009143
IL_3286203,0.85182625,0.85347676,0.3224066,0.33408397,0.00092078984,0.022359733,0.003837245,0.12147713,0.02622696,0.5992788,0.013712108
IL_3304841,0.87758386,0.20111573,0.00031424014,0.6544345,0.0036690698,0.00011913248,0.0010438268,0.81318545,0.008286894,0.4920112,0.00024184813
IL_3328321,0.22115555,0.6362871,0.006723062,0.2181987,0.00036732492,0.0046468275,0.001016473,0.19179334,0.0040168962,0.9203344,0.0017112389
IL_3355205,0.18706356,0.17077945,0.019841602,0.5831659,0.10910286,0.031836625,0.00082661666,0.7218898,0.10118182,0.5787201,0.013224552
IL_3383918,0.9086782,0.44315907,0.0036076766,0.4400094,0.0009777682,0.004005424,0.000116344134,0.20803498,0.009725931,0.93723905,0.004070366
IL_3405674,0.8889394,0.42560932,3.2943284e-05,0.7420854,0.10551186,9.8493925e-05,0.009666778,0.30701408,0.0024592353,0.85323256,0.009841935
IL_3416109,0.20132025,0.26321802,0.00079219404,0.7962256,0.108600244,0.00011392602,0.02278882,0.36581534,0.054657303,0.8771763,0.00021449184
IL_3417042,0.27718896,0.63720477,0.16448633,0.8748088,0.34825748,0.8971646,0.0030356206,0.1096058,0.58281153,0.0122338515,0.055467702
IL_3475314,0.80633885,0.30805793,0.0062735374,0.6944137,0.015195675,0.22266686,0.00033643443,0.74535364,0.026072228,0.21764855,0.0066509214
IL_3502631,0.11547324,0.67572457,0.12533648,0.54202837,0.00020786506,0.00059216644,0.002165384,0.22499385,0.1473644,0.32646823,0.004370392
IL_3512099,0.05050642,0.87113494,0.0012809285,0.4505293,0.17896073,6.7201225e-05,0.030568559,0.2403048,0.07201444,0.05961284,0.026720192
IL_3516247,0.13616134,0.90136504,0.0016575576,0.5362594,0.008557008,0.0005636241,0.0015700833,0.0028810808,0.11502166,0.014669008,0.0044988114
IL_3525336,0.2227872,0.5038581,0.12513989,0.5476235,0.047930576,0.11542989,0.0008780115,0.40137765,0.758431,0.0034656443,0.2021987
IL_3584159,0.8785479,0.17490944,0.011232522,0.507992,0.018391062,0.20452411,0.766385,0.8396347,0.25346172,0.14903235,0.0071420656
IL_3592184,0.121106595,0.98505044,0.32770392,0.25465858,0.63675445,0.7397707,0.14546297,0.039613243,0.013565568,0.008836385,0.622275
IL_3662013,0.38433713,0.66174924,0.032080874,0.29349145,0.09889246,0.09618084,0.057445258,0.03884099,0.23193823,0.5485957,0.5027272
IL_3682737,0.060697358,0.02214966,0.0011963849,0.22782224,0.0048059607,0.13875288,0.00441328,0.6548214,0.9869757,0.0030859518,0.065227
IL_3708176,0.16623487,0.84854215,0.064674295,0.58672607,0.0064153485,0.0190489,0.00020103503,0.17093347,0.03155347,0.15896489,0.0011576395
IL_3731984,0.16182286,0.85783106,0.041592434,0.59665614,0.05978364,0.98072034,0.24647331,0.85661274,0.15061612,0.051262997,0.21769625
IL_3743750,0.6906411,0.67753845,0.0017238067,0.912975,0.12175921,0.00040511554,0.0011040606,0.24053778,0.008490813,0.008411887,0.008985764
IL_3769258,0.9296512,0.58745587,0.03418119,0.6086457,0.025671376,0.093042254,0.0024640583,0.5595608,0.01463663,0.696376,0.0056010257
IL_3770691,0.3194269,0.8821594,0.03578781,0.14431791,0.046060417,0.04683708,0.044988,0.44259372,0.09681335,0.08428926,0.033713266
IL_3795536,0.9651229,0.8699436,0.02305175,0.38368464,0.14419189,0.83594584,0.003347097,0.41749206,0.012987888,0.15150295,0.0010232003
IL_3825170,0.1780321,0.8923942,0.0013939351,0.39947844,0.004695412,0.009647734,0.0020640297,0.1026649,0.08465319,0.05389048,8.3369145e-05
IL_3849919,0.46969774,0.7218203,0.050887678,0.43990177,0.7735827,0.7985816,0.020063894,0.25391534,0.18113941,0.14302593,0.017198367
IL_3863962,0.58021337,0.74427754,0.00678423,0.25873107,0.08777914,0.023304142,0.028347587,0.081154175,0.03022579,0.36696935,0.10935868
IL_3890738,0.697721,0.23197196,0.005234204,0.5851996,0.010161803,0.0073130443,0.0077435835,0.66910607,0.033151533,0.89512265,0.30284658
IL_3916806,0.76227045,0.852403,0.08680129,0.767305,0.73054826,0.0976123,0.0015165817,0.20200834,0.018453773,0.46950582,0.037617654
IL_3918658,0.7086856,0.4658681,0.00046408738,0.3642752,0.017640522,0.025536003,0.0019500739,0.82141817,0.006733432,0.95695925,0.00059263536
IL_3925046,0.16259867,0.25816932,0.36875317,0.41185686,0.003643625,0.07696463,0.012550307,0.4697524,0.042799566,0.9695207,0.46866265
IL_3944678,0.7154573,0.7669526,0.0955447,0.7337186,0.008402832,0.009838465,0.013194544,0.11923688,0.3884752,0.08981243,0.0017548858
IL_3989231,0.9332396,0.31556273,0.24813308,0.73569584,0.012457142,0.19096668,0.04632821,0.5540199,0.28651115,0.14010024,0.07237372
IL_4014940,0.24587154,0.9560537,0.007872974,0.44775128,0.103805535,8.351659e-05,0.0004515583,0.3368836,0.010164039,0.072951935,0.003855492
IL_4030473,0.708159,0.8624451,0.047345895,0.39069796,0.0059649497,0.22409616,0.00035578018,0.33759278,0.021604843,0.40245107,0.00072723074
IL_4032940,0.89253896,0.75511014,0.008833338,0.18968643,0.0012536246,0.28169045,0.0014399736,0.22432478,0.048176125,0.43240657,0.017786404
IL_4048093,0.5972188,0.84971625,0.16238777,0.41747022,0.16992342,0.0119544165,0.0005712191,0.17502318,0.0013097054,0.52604294,0.01851252
IL_4102420,0.8954894,0.8713467,0.09775772,0.11725384,0.0021924046,0.0018137868,0.0017605325,0.6821826,0.011546356,0.092876226,0.50751436
IL_4113222,0.031108597,0.33057296,0.01811103,0.8980464,0.0010450588,0.0003021628,0.0006152877,0.53348863,0.09846928,0.3617301,0.016549116
IL_4121028,0.02866484,0.7027555,0.00031845158,0.94548815,0.0013358956,5.7194165e-06,0.013214543,0.12419507,0.10215885,0.15957463,0.0032199733
IL_4137970,0.23158978,0.7390506,0.09972474,0.87649584,0.01034985,0.067970484,0.0007618745,0.17160554,0.1487666,0.037164815,0.010945719
IL_4183780,0.47844976,0.973671,0.006652302,0.16788642,0.3593643,0.5075018,0.24258363,0.66192865,0.056689974,0.01608157,0.034915667
IL_4205103,0.19535922,0.63230747,0.0055231326,0.8894522,0.0017725078,0.00015952859,3.254733e-05,0.1447367,0.017105108,0.87837064,0.0005687683
IL_4212360,0.13096127,0.8833036,0.050756156,0.15274833,0.03005845,0.119696714,8.048551e-05,0.12925735,0.08526169,0.03634497,0.035595644
IL_4217178,0.1019422,0.7039246,0.0028505425,0.694651,0.032360964,0.17727636,0.0017386267,0.5150222,0.07573459,0.09983765,0.01658221
IL_4273134,0.21643946,0.46309775,0.002514923,0.34123623,0.0030535043,0.00015583386,0.0025420745,0.15397139,0.009299758,0.9593084,0.3134792
IL_4304678,0.73596793,0.34360388,0.007977958,0.33762294,0.030424433,0.00016194156,0.07962044,0.17054096,0.0077516483,0.91465586,0.02102867
IL_4365221,0.23151448,0.86990196,0.00096326915,0.8650074,0.00043279646,0.002946087,0.00026872483,0.01757344,0.019737056,0.22656178,0.0087153055
IL_4377002,0.6600792,0.25976184,0.15785961,0.33544528,0.007875611,0.031852648,0.00013877911,0.10378748,0.054309428,0.8965273,0.004075606
IL_4378654,0.64752764,0.15095697,0.00965242,0.6188539,0.04460779,0.16875736,0.001695448,0.72385746,0.28722778,0.30113822,0.009170186
IL_4383984,0.8542383,0.47211492,0.0058248397,0.470533,0.00028238088,0.23736499,0.004607372,0.2840682,0.012495447,0.8301392,0.0017382081
IL_4392618,0.067615256,0.5886864,0.0002779271,0.2373218,0.014374409,0.0010788944,0.014945212,0.11252721,0.048635583,0.9724512,0.23757252
IL_4393410,0.6487623,0.8914409,0.30538025,0.82415426,0.048992638,0.12726042,0.000683422,0.3418149,0.061729524,0.15451597,0.02804796
IL_4404293,0.566344,0.24053036,0.0014351753,0.74224025,0.00031275564,0.00031159195,0.0021011091,0.06814327,0.004749061,0.9853614,0.0013920147
IL_4407167,0.26055694,0.5687002,0.40620363,0.27425176,0.669787,0.4505099,0.016238574,0.62813383,0.09602027,0.911588,0.07171896
IL_4418818,0.6016521,0.507165,0.095949486,0.85094905,0.21543394,0.06505068,0.0050057583,0.5322095,0.3760449,0.11833339,0.0032938875
IL_4429583,0.09686969,0.22523268,0.0060777585,0.7847558,0.05676749,0.003696339,0.0009790442,0.9619768,0.03559932,0.04546996,0.01396899
IL_4447995,0.47077256,0.42039365,0.00395602,0.8961807,0.0030267457,0.053480107,0.005740797,0.24714403,0.5049135,0.5286723,0.026652245
IL_4474915,0.059520543,0.86771405,0.0055639353,0.7070832,0.019278986,0.00010122092,0.00018508732,0.3385043,0.035098366,0.5307866,0.07933696
IL_4556052,0.028093606,0.25811645,0.0017360828,0.6674947,0.01563495,0.0040745316,0.19262588,0.039670676,0.02940904,0.98558134,0.041165706
IL_4629710,0.040615115,0.96631,0.0016783647,0.046656664,0.038925763,0.009387804,0.0031274904,0.32075423,0.3071747,0.036560893,0.13942212
IL_4631015,0.97516567,0.1657773,0.044025823,0.98417825,0.0023288745,0.0007203381,0.00012454738,0.4926337,0.0062078754,0.19557077,0.00022036754
IL_4632594,0.2789246,0.2587476,0.7640438,0.47539365,0.05316222,0.05909701,0.24698713,0.9196829,0.48720297,0.022301992,0.10350823
IL_4640947,0.9739622,0.5456765,0.07787169,0.69783056,0.0025146443,0.26435852,0.0009777918,0.40640748,0.0012940796,0.9058253,0.0024267053
IL_4652828,0.32422316,0.72659844,0.0030395251,0.6942874,0.13700815,0.06827749,0.020608999,0.3076386,0.019431144,0.3769215,0.015113143
IL_4673376,0.2238364,0.6555608,0.028907776,0.3925317,0.017156515,0.62751126,0.3089868,0.21643217,0.46822014,0.031084053,0.34390077
IL_4698973,0.15546244,0.8963637,0.029133907,0.529312,0.00055759406,0.0001780863,0.00042322697,0.0040092724,0.023335723,0.54808766,0.0005784762
IL_4703518,0.12111658,0.9421688,0.003769625,0.67826533,0.038646,0.0007490173,0.0043326328,0.02800266,0.013229231,0.042542525,0.00085432356
IL_4708155,0.1353179,0.65920275,0.03385699,0.19096418,0.06413621,0.70848244,0.111854814,0.34457114,0.7574401,0.025720106,0.014968389
IL_4733323,0.061406273,0.5906304,0.008600431,0.47841805,0.015291363,0.0011279763,0.030456893,0.39772677,0.099667825,0.40497914,0.0053575556
IL_4738780,0.79118705,0.7487967,0.00853984,0.47721514,0.017549608,0.2480184,0.024928972,0.32072857,0.030500105,0.24954645,0.0170321
IL_4747648,0.9455705,0.7749698,0.016762117,0.71817374,0.003732846,0.010558785,6.818961e-05,0.18250686,0.016544927,0.16263586,0.001341305
IL_4761308,0.7180885,0.59137636,0.00024822203,0.80084395,0.0002145299,0.00022959361,0.00010964002,0.016197043,0.13068056,0.42139885,0.0019208129
IL_4787245,0.36870316,0.27468476,0.370779,0.59354395,0.050106876,0.109623365,0.0024196166,0.4887984,0.018287404,0.9201864,0.25482744
IL_4796202,0.16768488,0.9092826,0.09625948,0.58925277,0.01135143,0.050463457,1.022272e-05,0.43388107,0.107965015,0.044769667,0.0005045499
IL_4805993,0.6842725,0.8452257,0.103033535,0.54780924,0.8705647,0.5130905,0.004936772,0.58513296,0.09365353,0.067571126,0.0033820902
IL_4840188,0.2195601,0.74829376,0.0021493954,0.3994649,0.013014412,0.00095045235,0.00022029254,0.41873345,0.024897654,0.028925972,0.0006624821
IL_4848599,0.42744997,0.61289,0.03284627,0.38575748,0.6850005,0.114282124,0.008782915,0.5882185,0.060216602,0.32268026,0.0024793374
IL_4848977,0.91473025,0.5365345,0.00039587906,0.51796275,0.00081751525,0.00022871527,0.0132446345,0.05770085,0.009259611,0.6746797,0.037348777
IL_4907451,0.072773755,0.50129044,0.05680611,0.23670512,0.024362348,0.00801055,0.0020855512,0.7541495,0.029452566,0.8443469,0.009284263
IL_4912944,0.13039467,0.19732168,0.01660652,0.57203764,0.002136023,0.00032585402,0.00030770904,0.098602004,0.010955929,0.9990945,0.048729617
IL_4926820,0.6071246,0.2165092,0.00055337825,0.26242495,0.0015445094,0.0014631266,0.0022267068,0.83335054,0.64602184,0.06459823,0.0005097504
IL_4928787,0.2019289,0.6264165,0.020913726,0.69162375,0.6046093,0.017445836,0.0006431267,0.14271925,0.13337436,0.0852194,0.0012768217
IL_4936385,0.5527273,0.83554035,0.005397513,0.6834353,0.0033417093,0.009355867,0.11622157,0.22624138,0.0027877511,0.7851413,0.0019797874
IL_4942231,0.82553697,0.5621754,0.03655738,0.60684854,0.03791084,0.009646044,0.006768203,0.08199202,0.12186308,0.6330221,0.103655905
IL_4953244,0.08230508,0.9599104,0.0033579888,0.035693992,0.00020184422,0.001314177,0.014248067,0.5522438,0.0010218722,0.39128357,0.06140669
IL_4955020,0.95020765,0.34718612,0.0076953345,0.56368953,0.056677338,0.14468978,0.035704456,0.18414502,0.01665868,0.7510791,0.28165618
IL_4964046,0.8342599,0.30277377,0.003274269,0.61045784,0.0045202128,0.0015037217,0.06679886,0.2678029,0.007977501,0.5062785,0.00080387405
IL_4983934,0.8953055,0.67448837,0.13929287,0.8565666,0.005391439,0.3793514,0.21802089,0.5666604,0.040468216,0.7117182,0.05923429
IL_4994761,0.86531895,0.7715598,0.083596185,0.54622835,0.056464333,0.22063142,0.059703268,0.51525545,0.13896948,0.69788986,0.10211857
IL_5016487,0.16044134,0.6962042,0.08524599,0.5063833,0.088138886,0.026794722,0.026618047,0.47260025,0.082228914,0.8706968,0.04786084
IL_5018680,0.02169729,0.8025474,0.0022197976,0.36193115,3.463729e-05,4.944938e-05,0.012642686,0.10818144,0.008497102,0.8016699,0.018459558
IL_5117306,0.018504724,0.9656704,0.0040869364,0.6640166,0.0001917243,0.00067601295,0.0015219765,0.2380686,0.015600107,0.009484101,0.0056532267
IL_5136565,0.25643906,0.5561577,0.029539695,0.47039202,0.29283014,0.12415358,0.5759695,0.3023146,0.058687434,0.66879207,0.0185931
IL_5150961,0.70668024,0.4476068,0.008382292,0.52820486,0.0009621722,0.00024374615,0.00031929094,0.39181715,0.008328119,0.3119294,0.0005336471
IL_5152620,0.2555523,0.5907206,0.14239796,0.7934454,0.051588044,0.075477615,0.14122644,0.27815586,0.05902994,0.76008356,0.16092099
IL_5171099,0.42719224,0.46413496,0.17291385,0.14790452,0.01779221,0.8195008,0.0006782274,0.19688934,0.12342538,0.80489385,0.00044750032
IL_5172506,0.582609,0.5311741,0.0013656386,0.2395807,0.00026397346,0.000507757,0.058954734,0.8062093,0.3917261,0.51427424,0.0027725685
IL_5188190,0.75293213,0.43442017,0.5225559,0.46162474,0.062198706,0.80243975,0.0044717155,0.5060685,0.23920065,0.39731467,0.102916874
IL_5192693,0.16327947,0.061403837,0.26245725,0.6880279,0.11653716,0.0031225944,0.0077897417,0.7664532,0.15522431,0.9644961,0.2249358
IL_5195971,0.5799339,0.6872105,0.02825953,0.74523854,0.06447512,0.0641478,0.045547735,0.31464675,0.15578884,0.064818166,0.0225581
IL_5199215,0.20304522,0.79454565,0.0074327476,0.23245327,0.0025823899,0.020169048,0.42575923,0.9872743,0.34187865,0.0025352344,0.0012888991
IL_5202722,0.7849597,0.50062466,0.12684976,0.8627605,0.03541722,0.06708088,0.20536728,0.4631273,0.120476626,0.6179228,0.13460918
IL_5227274,0.4913866,0.29279655,0.0009992279,0.6071735,0.045123592,0.0012365298,0.00018003676,0.08381415,0.029701605,0.6067121,5.8977952e-05
IL_5227787,0.967998,0.7371141,0.021367788,0.58463115,0.036567114,0.19934018,0.0009258015,0.49539936,0.031116024,0.264583,0.0011335571
IL_5242598,0.4816898,0.70199645,0.067359254,0.5055707,0.00231421,0.02786243,0.018220432,0.25406134,0.12383944,0.07275012,0.01616881
IL_5308378,0.0974455,0.45830753,0.014909915,0.37379727,0.11533245,0.00026253576,0.066667505,0.84965825,0.24080141,0.3916295,0.27576837
IL_5330356,0.12065354,0.8828958,0.004445019,0.7635586,0.08475262,0.0033548735,0.0017348173,0.100944206,0.10136151,0.012797728,0.0021547216
IL_5334240,0.11812681,0.6903197,0.14782456,0.5017178,0.14100698,0.0432898,0.14087035,0.8038347,0.06305011,0.105901055,0.43118453
IL_5360549,0.8346567,0.34801015,0.008257813,0.49959692,0.0014408797,0.0013331936,3.550498e-05,0.041538358,0.0539722,0.6174559,0.0004247224
IL_5383665,0.6287846,0.26784998,0.018112428,0.64603865,0.3958242,0.0011110092,0.0011730918,0.20201969,0.11452988,0.25252017,0.02763256
IL_5417792,0.038176347,0.57807094,0.21631934,0.21537375,0.17875141,0.17264624,0.06723883,0.19056614,0.6586005,0.407043,0.68783665
IL_5419157,0.8308466,0.6509978,0.2996321,0.22935376,0.0172227,0.02599883,0.0035563342,0.66702634,0.065425776,0.33476767,0.10708204
IL_5461503,0.08200873,0.6941579,0.0028219055,0.12067245,0.26078346,0.0058281263,0.2505478,0.6485803,0.03350196,0.7263016,0.0921616
IL_5484022,0.88141644,0.5228835,0.002979198,0.6521877,0.08935569,0.07392946,0.00020027623,0.487588,0.024257516,0.8196335,0.0010196607
IL_5489843,0.09297958,0.91758853,0.0027693044,0.49849322,0.008218185,0.22185338,0.0031677766,0.1779179,0.0650771,0.015461215,0.0012552793
IL_5493219,0.8649293,0.22867048,0.003384925,0.3086768,0.0065947804,0.0022589506,0.003133005,0.03167932,0.0076427064,0.969423,0.001645755
IL_5512024,0.45043868,0.57801765,0.34691197,0.68043685,0.7575098,0.45738587,0.083361074,0.57281804,0.3046096,0.6344942,0.1814454
IL_5545711,0.8126947,0.7372558,0.01997857,0.7530111,0.00025625114,0.01435811,5.6129968e-05,0.39298716,0.025843969,0.0471654,0.00015386067
IL_5552679,0.1472411,0.16353644,0.057347193,0.7721062,0.184012,0.013575264,0.029860917,0.36862105,0.06783008,0.9535447,0.39390296
IL_5562172,0.7109002,0.6892569,0.003457801,0.8660553,0.032719903,0.008659867,0.014207491,0.27847674,0.022642449,0.67580193,0.017320916
IL_5584877,0.47719288,0.8188574,0.90784925,0.45762995,0.17506924,0.060201474,0.0024816452,0.3958956,0.009203702,0.57405293,0.01578717
IL_5603161,0.4065828,0.8532424,0.05201285,0.56005234,0.031114992,0.00011047951,0.003925541,0.09631643,0.14634578,0.19815189,0.0077217594
IL_5609972,0.6072872,0.8731098,0.0059541953,0.4317215,0.0006346373,0.5487566,0.002517306,0.20050496,0.048451755,0.23503374,0.018862007
IL_5632066,0.060899682,0.27928588,0.45195594,0.80806744,0.25148776,0.70439476,0.04293748,0.51690793,0.92933273,0.00047645415,0.7418883
IL_5671982,0.43948886,0.1599579,0.0043039387,0.76364815,0.15674414,0.01688663,0.0085448325,0.4450443,0.36762258,0.072574876,0.012574506
IL_5695938,0.60572606,0.7635008,0.12655397,0.31179935,0.0718046,0.096743375,0.27471137,0.41089833,0.03662847,0.036376625,0.022213576
IL_5698172,0.108276896,0.79495513,0.027078068,0.5515353,0.1443565,0.5612789,0.13213134,0.73880816,0.3509959,0.0018040335,0.61849403
IL_5712655,0.66070044,0.23397969,0.0039240126,0.44387904,0.5743483,0.06766288,0.04631691,0.5144626,0.17247422,0.6832003,0.015755562
IL_5746899,0.08004439,0.7920514,0.0002883468,0.80500335,2.1349228e-05,2.616997e-05,0.036892783,0.114646286,0.0034128649,0.7882437,0.0016508225
IL_5770284,0.3874908,0.30355304,0.0013039805,0.16797088,0.017091269,0.03161992,0.0006097898,0.15660423,0.70628303,0.07316351,0.024534566
IL_5841112,0.5581779,0.2608958,0.0033689092,0.54196674,0.07211996,0.06640249,0.14920145,0.31282023,0.8589031,0.002974888,0.0057684802
IL_5873278,0.8665971,0.82551503,0.078327514,0.7790989,0.014425369,0.6291731,0.0003905955,0.572059,0.019743359,0.03281618,0.0013983008
IL_5886154,0.85676914,0.41592085,0.047785226,0.6668087,0.004706199,0.01753015,0.05208909,0.5011503,0.036933627,0.91976446,0.009652341
IL_5891440,0.12932958,0.1982467,0.014067568,0.591323,0.00011286312,0.0007913705,0.021343421,0.34285766,0.046871323,0.9835776,0.038968068
IL_5907718,0.18418255,0.48837692,0.27340078,0.36075744,0.049413968,0.2892756,0.00450819,0.69659346,0.081562236,0.82263666,0.03578294
IL_5913331,0.9030308,0.8227735,0.016510515,0.56702775,0.053277306,0.03571159,0.10652695,0.1812743,0.009395595,0.8741679,0.01929231
IL_5917748,0.2955008,0.7179669,0.0069555766,0.76668113,0.0011110441,0.18003836,0.0023805448,0.43701282,0.028742999,0.063228235,0.51118064
IL_5924119,0.27120367,0.5610406,0.26124758,0.19876008,0.74439234,0.2520871,0.3947605,0.6815902,0.77720463,0.016568126,0.2700426
IL_5926691,0.0046133874,0.5496571,0.02547071,0.6051328,0.005302333,0.014224826,0.028247533,0.76498026,0.7943838,0.046427567,0.103294
IL_5932158,0.6979761,0.9187221,0.43401423,0.20207006,0.32100224,0.09578366,0.07288767,0.14695978,0.041901976,0.029965421,0.048266992
IL_5978307,0.17119087,0.13391761,0.010284534,0.71658355,0.2269384,0.011926576,0.0011621286,0.07303334,0.80099124,0.033959605,0.19939741
IL_6000978,0.7972037,0.19963945,0.0006096785,0.8348354,0.0011441049,0.0007628611,0.03528351,0.57399863,0.019487139,0.6628109,0.0041155173
IL_6012528,0.76208895,0.27669135,0.044862244,0.72765124,0.018805478,0.00161769,0.00038966906,0.898271,0.03640904,0.84555864,0.27393657
IL_6031916,0.90723926,0.37421918,0.32400793,0.4999683,0.027846701,0.97216135,0.021458294,0.4699354,0.10572433,0.24859318,0.025018523
IL_6046824,0.5148381,0.9630632,0.036139037,0.14745526,0.0027723692,0.09575032,0.0016679816,0.40540266,0.07226546,0.07052295,0.43397212
IL_6051806,0.95873725,0.4863837,0.027843773,0.6558492,0.0012789066,0.17999075,0.00053343934,0.3615441,0.11647027,0.34287488,0.0019680886
IL_6066131,0.98079693,0.50653327,0.048044134,0.21567188,0.00838169,0.54487026,0.0038210265,0.5314868,0.06969458,0.59585595,0.0010577524
IL_6070882,0.30271527,0.86075073,0.060387123,0.23260827,0.016038204,0.017061373,0.0014253258,0.15178172,0.070396535,0.12586205,0.054347698
IL_6075447,0.5079773,0.71731377,0.09809271,0.25761017,0.048683908,0.4825322,0.0031793825,0.6649327,0.05399637,0.35441938,0.08396521
IL_6099493,0.21290861,0.9029539,0.1199219,0.81878406,0.022079535,0.0032636016,0.027091913,0.054099455,0.096976005,0.017933335,0.054920256
IL_6099858,0.29166648,0.95226705,0.19867009,0.747226,0.003610429,0.07237397,0.004053127,0.4324129,0.006722206,0.034997914,0.006479328
IL_6129083,0.4414439,0.58954364,0.024650428,0.46805316,0.88183177,0.15867582,0.2324694,0.8390999,0.35339257,0.0367931,0.0068949023
IL_6163594,0.53326315,0.5618504,0.00036821174,0.3121318,0.99137974,0.0046213735,0.11351503,0.67055625,0.0660987,0.4201285,0.0042392756
IL_6164735,0.23948957,0.61322546,0.028596288,0.65768844,0.068988815,0.0230939,0.01794814,0.23461981,0.27386367,0.18898977,0.7081009
IL_6191818,0.8785173,0.30962512,0.0036646381,0.96062875,0.00069347123,0.0007556835,0.0011500304,0.042094044,0.068645395,0.2222593,0.0026960005
IL_6197538,0.25308684,0.754332,0.37338203,0.13758966,0.010403984,0.5753671,0.00088182674,0.6740949,0.31408352,0.43860424,0.025679363
IL_6214063,0.9516215,0.4019536,0.009710274,0.752578,0.23459393,0.00068118935,0.0057927803,0.7657636,0.021448744,0.43826777,0.3343455
IL_6247837,0.9667507,0.42452246,0.0040278723,0.41243753,0.0013238167,0.031963382,0.0013829692,0.71799254,0.06051985,0.2759141,0.0017693931
IL_6254530,0.29483896,0.53158647,0.29854274,0.52519834,0.040223952,0.9738341,0.24050896,0.31051815,0.30815685,0.28288195,0.70324636
IL_6298296,0.18364,0.7833421,0.002757574,0.52315193,0.40978032,0.14308627,0.0007492707,0.31224594,0.23455971,0.09439366,0.016916849
IL_6311333,0.6328769,0.75198394,0.24934597,0.5592669,0.4803039,0.9356008,0.01902421,0.6387094,0.081825495,0.40757906,0.14149657
IL_6364048,0.06242649,0.88260275,0.010161617,0.5728075,0.020370696,0.15369412,0.069148384,0.3971135,0.07622824,0.022608776,0.20697886
IL_6375582,0.8207272,0.9017875,0.0048248745,0.8745409,0.0154077895,0.0003587662,0.0091135,0.5653496,0.008706008,0.0086582955,0.0042068874
IL_6379178,0.14915934,0.3930024,0.0019079616,0.932231,0.0037547755,0.0019400468,0.0037181496,0.8311567,0.292497,0.031345252,0.024796605
IL_6379354,0.8672491,0.54988694,0.010275268,0.87560076,0.012267542,0.028362397,0.18791234,0.22056492,0.02036045,0.86984026,0.104357615
IL_6430602,0.7754954,0.83020896,0.10386559,0.5783663,0.5289968,0.9063501,0.03276601,0.43254465,0.24836619,0.01228791,0.1950946
IL_6444875,0.105618656,0.26117274,0.012136486,0.5365216,0.07303057,0.00067745376,0.011428602,0.86930543,0.46611732,0.07519597,0.078362636
IL_6483133,0.045236226,0.35880026,0.012287823,0.47988486,0.13894881,0.008902591,0.011061952,0.29191905,0.7503661,0.033941217,0.0037490842
IL_6492206,0.76297903,0.60351807,0.03211831,0.59928095,0.0030064718,0.15386827,0.00824027,0.44184017,0.2655373,0.5611729,0.014707191
IL_6495967,0.82120407,0.12496702,0.028452663,0.65429884,0.0110661,0.01737254,0.022000208,0.1712487,0.09727885,0.80646044,0.05890217
IL_6516078,0.03955059,0.8247113,0.08397328,0.85296714,0.26964352,0.0008744256,0.00055864494,0.5214257,0.02574332,0.5003397,0.742986
IL_6579859,0.27027825,0.4421499,0.2734423,0.42553642,0.088964246,0.22265963,0.36696124,0.14390104,0.28608707,0.13629912,0.39175436
IL_6580455,0.686071,0.8499822,0.0037898996,0.649042,0.0018058581,0.15000404,0.00014003449,0.14520025,0.23346478,0.010455985,0.013340554
IL_6580650,0.38289446,0.61097515,0.14898409,0.76062614,0.18990135,0.13364682,0.015920542,0.36312467,0.15354502,0.5778992,0.083353296
IL_6601787,0.22662543,0.9398315,0.0051749926,0.4424154,0.018840251,0.00027866545,0.019403609,0.071621664,0.07973503,0.22495031,0.008697621
IL_6603212,0.8202248,0.38964674,0.3147322,0.69869006,0.019302368,0.0031333996,0.019600336,0.29830274,0.067149326,0.42765453,0.017158318
IL_6607523,0.44154593,0.56007814,0.3009286,0.32029244,0.7011106,0.45389274,0.8417055,0.34247118,0.32651973,0.05154598,0.276841
IL_6614720,0.53706944,0.67549723,0.0003654161,0.7110168,0.010086182,0.00042336035,0.013895686,0.052310973,0.011955961,0.76639473,0.07998052
IL_6615378,0.45877638,0.79057753,0.02704171,0.60944337,0.040416762,0.0446928,0.13059552,0.21467474,0.26781547,0.16761583,0.13269402
IL_6619207,0.84121317,0.78981227,0.02777862,0.6426875,0.0034842587,0.18931241,0.0018765695,0.7016966,0.018688345,0.8359542,0.015710527
IL_6671454,0.93155396,0.22611715,0.00015803293,0.748054,0.0061805006,1.4211245e-05,0.0045720846,0.08748006,0.0047125686,0.97424865,0.0009893643
IL_6691109,0.061344426,0.65026814,0.07225915,0.5956612,0.068577014,0.024435213,0.0006817118,0.739445,0.004146852,0.7312981,0.021635082
IL_6705688,0.61567104,0.5935759,0.110393815,0.6218712,0.031167535,0.43401513,0.00021563769,0.64347196,0.09375524,0.6075106,0.022797504
IL_6720101,0.06252417,0.8910828,0.0022413917,0.16908494,4.0957064e-05,0.0024034786,6.488582e-05,0.21330643,0.004629259,0.85710365,0.010931083
IL_6730800,0.02414847,0.6745154,0.008395056,0.68144137,0.4354762,0.10391303,0.42028812,0.88249564,0.09470308,0.19438769,0.076045804
IL_6785749,0.49130934,0.70390916,0.10495007,0.53265435,0.00011110431,0.0058887512,0.0045590126,0.15259491,0.016536651,0.7651219,0.01893474
IL_6799756,0.33572304,0.8252704,0.014928331,0.62675107,0.002035342,0.00043066873,0.0022279413,0.24238877,0.02142723,0.14430848,0.008029461
IL_6928115,0.6677238,0.34463444,0.07405893,0.71331996,0.45808294,0.113423206,0.052141186,0.2730231,0.09244766,0.5370996,0.0629862
IL_6943589,0.07718616,0.6580834,0.21516013,0.3407273,0.056859348,0.11486551,0.11763288,0.45284003,0.20191346,0.8783245,0.28131524
IL_6964671,0.19871646,0.67002577,0.5159903,0.22259806,0.8798063,0.6204284,0.04637072,0.33909807,0.27634045,0.555809,0.95114714
IL_7115582,0.6101743,0.796002,0.15550074,0.43111154,0.8288892,0.58169395,0.030997988,0.21257965,0.5677874,0.09733437,0.2181788
IL_7148487,0.34003678,0.8803605,0.15965176,0.4642677,0.013212436,0.0024213826,0.0049002967,0.32300022,0.014220928,0.11815308,0.015511505
IL_7214473,0.6884595,0.79678035,0.07384001,0.24069235,0.42432618,0.8136897,0.12779474,0.27555206,0.19056089,0.038614664,0.052918132
IL_7218860,0.019768793,0.2697912,0.0032645746,0.20183714,0.02615387,0.0011149335,0.022298856,0.44494998,0.49188277,0.19408497,0.12451075
IL_7220515,0.2774683,0.925472,0.0022111663,0.24316803,0.054866295,0.0078071523,0.029442718,0.51695204,0.03543489,0.08278154,0.08331567
IL_7336116,0.06631421,0.3736781,0.068882756,0.5442973,0.043298688,0.44354892,0.010230345,0.8809103,0.82706726,0.1931733,0.758504
IL_7352985,0.018111601,0.9472661,0.027498737,0.33189645,0.015060188,0.010158494,0.00035002021,0.58104074,0.068626516,0.055723224,0.009782638
IL_7359666,0.8404352,0.57403064,0.32493395,0.5621617,0.050276693,0.80830175,0.0103696305,0.5847016,0.018243527,0.2906614,0.022138752
IL_7360646,0.8440372,0.4812356,0.079685286,0.6132068,0.07116219,0.77830863,0.0020074884,0.14355414,0.49171564,0.5933565,0.022716127
IL_7392612,0.78751045,0.39869455,0.09485208,0.87773335,0.11976162,0.7940847,0.10197636,0.47104216,0.07680697,0.14424399,0.0069450215
IL_7432503,0.105302125,0.65502185,0.14628364,0.6913568,0.22071962,0.16554022,0.008763736,0.7862179,0.44572178,0.026979204,0.19008513
IL_7433595,0.5094996,0.86121225,0.15802793,0.23617627,0.88602036,0.7221829,0.019991819,0.020737352,0.40118676,0.04111377,0.031618528
IL_7436788,0.5092037,0.42539787,0.30193502,0.38096014,0.0011082772,0.049767245,0.003312841,0.8606501,0.025832184,0.9094401,0.041337658
IL_7451087,0.5463139,0.7324872,0.0080670845,0.679695,0.012221504,0.030908275,0.002197411,0.31407005,0.038244754,0.12817217,0.008915091
IL_7452804,0.8278517,0.3766889,0.03856479,0.9391326,0.0015063279,0.07937048,3.4824323e-05,0.4279427,0.033807497,0.24262334,0.0018303129
IL_7462703,0.3626914,0.81777847,0.00038430476,0.10178663,0.9120279,0.03977038,0.044976447,0.1130095,0.19101654,0.32248238,0.0278649
IL_7464129,0.03098075,0.32482314,0.00041636053,0.13373886,0.027438305,0.042661738,0.021625973,0.60254705,0.9386193,0.0010750275,0.00448184
IL_7475868,0.025656043,0.9257914,0.28262153,0.4135198,0.29624847,0.0019658399,0.033397038,0.14274931,0.01193341,0.5365945,0.003185385
IL_7505442,0.96561664,0.79864115,0.0316495,0.71822286,0.0017379583,7.4028714e-05,0.0048675006,0.5020504,0.06637869,0.047292985,0.1516956
IL_7512996,0.09835553,0.441525,0.0052678813,0.6573287,0.013223942,0.10391471,0.1364435,0.7384285,0.11629152,0.8349694,0.16288196
IL_7557824,0.19457282,0.8768555,0.57080054,0.720154,0.044415604,0.73739237,0.13200668,0.57333094,0.017265037,0.349656,0.347077
IL_7559500,0.3881821,0.27809364,0.03214467,0.71940285,0.012447548,0.26515043,0.0022658943,0.68029416,0.561005,0.58186615,0.048165817
IL_7580080,0.057731744,0.3742465,0.15752958,0.5777064,0.27317265,0.17756057,0.058991365,0.60431224,0.506604,0.044384345,0.012603978
IL_7604960,0.8364615,0.754435,0.026356742,0.82070154,0.0029551352,0.013683878,0.00010438539,0.21316385,0.11110927,0.09285196,0.00059870904
IL_7612830,0.5566889,0.8466012,0.09098446,0.6116896,0.06091772,0.035218928,0.0075939903,0.2429547,0.044444613,0.15716112,0.0028877927
IL_7636226,0.90973085,0.9531378,0.019147849,0.40319416,0.00072548015,0.048721526,0.0022824546,0.71457964,0.0014092145,0.121794544,0.0006952589
IL_7640681,0.2385829,0.8079639,0.027585318,0.47348672,0.04900752,0.2086882,0.1976734,0.5631587,0.02776425,0.21498963,0.24053064
IL_7667532,0.036554318,0.82908857,0.09629084,0.7049454,0.045843262,0.00046608684,0.0011579297,0.0117303915,0.019282369,0.04772106,0.005662399
IL_7720827,0.13013229,0.81265575,0.56092685,0.20282915,0.17419928,0.16510044,0.0021794455,0.8403822,0.28917366,0.034466,0.859959
IL_7744265,0.8922241,0.57238525,0.0010540347,0.6391108,0.25070128,0.0023056406,0.0020160386,0.07829914,0.13155198,0.049815897,0.0004802441
IL_7750228,0.89527434,0.50731385,0.0016339071,0.5201035,0.037304655,0.00090431323,0.0023779317,0.06779784,0.054796495,0.1381471,0.044431057
IL_7772384,0.010164759,0.72981226,0.00010998788,0.514223,0.002956088,1.4038289e-05,0.00021380252,0.03015854,0.021996355,0.48316583,0.022709453
IL_7777526,0.017729696,0.3699486,0.0014069349,0.7165753,0.0031851786,0.0023751187,0.0038160146,0.3977894,0.10954678,0.17664723,0.042389434
IL_7780812,0.22835252,0.89172816,0.007156183,0.6041127,0.043151066,0.012718833,0.000272274,0.17018703,0.08054129,0.19581893,0.013693999
IL_7814962,0.7649633,0.94410354,0.09334145,0.64979076,0.0011633914,0.10261806,0.04046846,0.6970001,0.0136493165,0.0895596,0.0016607794
IL_7839360,0.100477025,0.1754051,0.6431774,0.5352474,0.15137188,0.39445248,0.4116133,0.60296774,0.48881584,0.15505825,0.9937623
IL_7845741,0.5900623,0.6904006,0.008974303,0.7799147,0.017730061,0.009838205,0.019259822,0.5817842,0.015930826,0.022308998,0.023879902
IL_7858220,0.93316394,0.51818687,0.05634524,0.7052659,0.003748774,0.042899225,0.06137128,0.11465353,0.0033960151,0.84867275,0.010015182
IL_7877903,0.992489,0.15328783,0.14556637,0.8106844,0.13672462,0.25938442,0.10963563,0.2609773,0.10580255,0.21338215,0.0011916353
IL_7896836,0.8744417,0.45572072,0.030652767,0.94153756,0.0024492608,0.013050275,0.0029758331,0.32269683,0.0046700183,0.84989035,0.022609593
IL_7914681,0.6414974,0.3812542,0.0021100664,0.69542366,0.17650017,0.020001197,0.00035870052,0.75804514,0.015482889,0.2664787,0.0008731126
IL_7917684,0.17696185,0.9127123,0.0051399036,0.7227999,0.0016801201,0.1888309,0.0016373232,0.30260584,0.17225248,0.022106308,0.0018060782
IL_7919145,0.91158146,0.70767206,0.035481956,0.7131804,0.05677591,0.21481746,0.015052015,0.32142174,0.072576486,0.4430475,0.08764966
IL_7944285,0.8146953,0.73349863,0.0890442,0.7159244,0.03436655,0.2946756,0.14879587,0.4324728,0.23262055,0.3587128,0.066522375
IL_7945525,0.281776,0.7635211,0.58661735,0.33593222,0.8113199,0.6449064,0.43896046,0.6953586,0.14655103,0.38353553,0.22491384
IL_7955621,0.18801543,0.862732,0.00717231,0.64059633,0.025125159,0.0020657305,0.0010257483,0.3717909,0.012147896,0.24225053,0.007188375
IL_7983237,0.0032763176,0.53458846,0.0005012801,0.10178182,0.013518495,0.12022133,0.025830613,0.65525115,0.95179594,0.011126964,0.19200051
IL_7988157,0.06149514,0.84443593,0.079650566,0.61076504,0.34077203,0.8802638,0.01375403,0.15719953,0.33677536,0.013606275,0.51264644
IL_8041132,0.58465874,0.32258317,0.00058434217,0.91562897,0.000468306,0.006315786,0.0007226032,0.017814249,0.09754726,0.80479586,0.023585156
IL_8073225,0.7817461,0.77855855,0.07063959,0.3073922,0.009915579,0.03221958,0.033711217,0.60516673,0.038482826,0.6130826,0.046322238
IL_8136561,0.23782313,0.49734566,0.10909155,0.41736436,0.034381274,0.008751376,0.012288853,0.20787852,0.041361254,0.8118703,0.49421456
IL_8138997,0.89248914,0.60519916,0.054725412,0.42244804,0.49545524,0.3658544,0.08421651,0.14311871,0.041787885,0.27244702,0.020066407
IL_8139746,0.5904329,0.6144816,0.10670834,0.7882466,0.05406785,0.396226,0.016981967,0.54824966,0.25376663,0.02333667,0.0048314086
IL_8183381,0.8830757,0.2726258,0.0071114427,0.7881087,0.010001363,0.12143518,0.031750172,0.015049772,0.03794123,0.93512845,0.052957352
IL_8191336,0.37686023,0.90103287,0.04404041,0.4697899,0.35901812,0.88264585,0.012381889,0.5294156,0.023460058,0.031530336,0.00847227
IL_8258340,0.22747585,0.212709,0.055257753,0.16502018,0.24887976,0.00085454545,0.0068679135,0.20458403,0.035555005,0.93461627,0.26680365
IL_8288616,0.672689,0.73232174,0.009205872,0.7754353,0.0047265366,0.005336494,0.02202292,0.1023077,0.018553045,0.7512777,0.0077909688
IL_8295267,0.79943955,0.3821527,0.12676081,0.73948,0.16937518,0.01405734,0.008196189,0.46482378,0.18747777,0.60883313,0.541648
IL_8342281,0.80609435,0.7416658,0.0059121894,0.2899714,0.940304,0.4870355,0.009351118,0.5702463,0.032831203,0.7170647,0.038357064
IL_8371338,0.8721817,0.2377677,0.022232875,0.43148878,0.039809093,0.061138913,0.09268395,0.29485923,0.110821314,0.9632965,0.15120591
IL_8415316,0.20185706,0.63177806,0.013946133,0.087029204,0.09958611,0.010711299,0.0001072676,0.16988899,0.11625685,0.60755473,0.06325753
IL_8416177,0.3993948,0.5912632,0.03219535,0.8472749,0.021894407,0.016661609,0.003927626,0.3547627,0.002302587,0.34310514,0.00026482623
IL_8416753,0.6937725,0.8863562,0.0067064767,0.760937,0.01638501,0.15784383,0.0020034297,0.015853327,0.007161406,0.12438545,0.0033501624
IL_8449784,0.037947383,0.9452441,0.0005263489,0.88357806,0.013465095,1.4234602e-05,0.0072067715,0.0037790234,0.014980704,0.022029417,0.009719495
IL_8456893,0.800171,0.86830056,0.006090986,0.43816796,0.02761643,0.22413363,0.000107401676,0.47747037,0.020466242,0.42456955,0.030495921
IL_8510989,0.9737134,0.88623184,0.013311224,0.34987164,0.032028683,0.53971237,0.0053623524,0.23283672,0.060838323,0.06315473,0.013528456
IL_8524892,0.7117141,0.53555936,0.0007826337,0.41437048,0.013117592,0.0017231421,0.0009366165,0.55305517,0.0061180126,0.95519733,0.0012970003
IL_8562073,0.3162117,0.7995792,0.11606527,0.31678125,0.40351993,0.05590878,0.21002287,0.10415959,0.15835047,0.35539654,0.0066459468
IL_8576492,0.99516124,0.07541083,0.058661908,0.90892214,0.024358548,0.06780982,0.039855503,0.25196564,0.03317509,0.9754404,0.07788085
IL_8579370,0.5370462,0.30993077,0.04989337,0.8895445,0.52865726,0.1444629,0.0005667782,0.7054575,0.15465443,0.065088876,0.00164194
IL_8580922,0.9059277,0.61873204,0.27080798,0.46380672,0.15593667,0.08568813,0.0036478757,0.1787931,0.08354809,0.15077883,0.0027955526
IL_8587951,0.046827763,0.8591057,0.02816323,0.521273,0.0022025157,0.00069139816,0.00020219901,0.27845913,0.038768783,0.81190765,0.0550561
IL_8698362,0.18919723,0.23254962,0.021400973,0.34306884,0.2130839,0.009496901,0.007608519,0.7794362,0.85458183,0.03819831,0.04224922
IL_8706018,0.379604,0.9221364,0.0038623638,0.554218,0.03503397,0.004056688,0.058692716,0.03875304,0.016650636,0.17115256,0.022703143
IL_8779223,0.49171057,0.25147852,0.05892284,0.5755257,0.013120308,0.06274026,0.01163681,0.43492165,0.2044804,0.9420679,0.18137813
IL_8807227,0.53466237,0.7815757,0.0004570006,0.5977899,0.1159308,0.09796292,9.077434e-05,0.63857204,0.04269696,0.06799713,0.002181892
IL_8864283,0.17918746,0.21499589,0.36880022,0.47587293,0.6976918,0.20930426,0.010231142,0.16308717,0.90504783,0.05246911,0.85922337
IL_8869852,0.17512533,0.879286,0.003494012,0.103777945,0.31092057,0.23132217,0.0412399,0.12413852,0.4433415,0.14663221,0.05225508
IL_8892064,0.1056903,0.102654934,0.00027688002,0.43852487,0.0046625948,6.977449e-05,0.0006864013,0.1960603,0.20211998,0.9143213,0.031214222
IL_8894007,0.82936835,0.10846171,0.0037923995,0.7772348,6.542701e-05,0.004885506,0.000100750505,0.45144236,0.17767163,0.5354346,0.0010162988
IL_8908749,0.010234242,0.10727649,0.0010302279,0.3018158,0.85542804,0.0033364648,0.027967274,0.30462202,0.39513713,0.9320322,0.00912387
IL_8914785,0.85630184,0.7908929,0.0005114738,0.44852784,0.03258343,0.0038693394,0.0012669929,0.04109112,0.006420311,0.09070163,0.0027014266
IL_8947300,0.28621295,0.7216002,0.054838974,0.6510057,0.18549643,0.00038844143,0.057535786,0.15375775,0.032183036,0.2538857,0.0013529146
IL_8974391,0.38168928,0.7843236,0.24364495,0.7859799,0.055132966,0.09708084,0.009959888,0.8031569,0.013340002,0.8272657,0.038073905
IL_9036064,0.021549335,0.92095983,0.0044061397,0.50444746,0.013384567,0.108045675,0.005582243,0.15132149,0.020789344,0.023375843,0.06442429
IL_9058117,0.10341036,0.91610533,2.3476825e-05,0.5612375,4.666269e-05,6.10411e-06,0.013060196,0.11132555,0.12457717,0.13516429,0.0013946713
IL_9061839,0.8994057,0.29139096,0.28519824,0.6326014,0.45350435,0.07252767,0.017986538,0.48075745,0.10425108,0.79319954,0.037805013
IL_9079153,0.6939986,0.6694335,0.30667236,0.5411613,0.004190366,0.47969705,0.3604398,0.5842417,0.05053766,0.26263165,0.037269484
IL_9143254,0.98063546,0.18293811,0.0045274757,0.79746926,0.17740864,0.0031156216,0.0021958326,0.4696076,0.003369217,0.951366,0.00047627205
IL_9155981,0.9723247,0.5351185,0.00048397988,0.4976355,0.0033788532,0.00057654385,0.001236312,0.081398554,0.10489855,0.11251687,0.0015648335
IL_9157122,0.63465756,0.7403972,0.5440424,0.63210034,0.02029618,0.5267274,0.49289504,0.8297224,0.3108031,0.047979727,0.07355761
IL_9227624,0.52922744,0.9271071,5.822321e-05,0.63617224,0.0060476027,0.0045628576,0.0047474345,0.025455222,0.014898424,0.0010535106,0.0045002378
IL_9237017,0.7758651,0.53410035,0.0352106,0.3434946,0.7072011,0.23114039,0.019766783,0.3347459,0.023480084,0.9222351,0.04219778
IL_9273684,0.88401234,0.70987654,0.011816009,0.4107629,0.001541474,0.0030355572,0.010258561,0.8018724,0.0024698656,0.71091336,0.012629147
IL_9311083,0.8847201,0.843377,0.029752273,0.5710053,0.0043928497,0.007264463,0.0004692683,0.38303867,0.061413705,0.051385555,0.07713025
IL_9322263,0.6025714,0.4620945,0.02033283,0.4580652,0.005272278,0.68027914,0.0028070975,0.09089768,0.12191878,0.07044713,0.0015792164
IL_9341332,0.26800814,0.5216904,0.082820915,0.8269072,0.0056576114,0.19709444,0.0059045805,0.22893457,0.16358314,0.096796885,0.009735952
IL_9345649,0.108358234,0.93260556,0.0017877156,0.08535839,0.0054960568,0.004047243,0.16263314,0.22006842,0.24263977,0.037207756,0.1768599
IL_9406058,0.17899397,0.25465426,0.2355555,0.66113,0.059522737,0.017558193,0.014567142,0.75163335,0.07106948,0.6586081,0.0860442
IL_9407964,0.27512598,0.9539362,0.022847278,0.7045736,0.0016241906,0.00049207674,0.00032909375,0.062129397,0.062398866,0.020527236,0.038036626
IL_9409250,0.17122675,0.6611176,0.05230505,0.8174892,0.34475407,0.6116977,0.022135831,0.8013943,0.06172297,0.32994014,0.035807427
IL_9427286,0.9554785,0.13497253,0.008834811,0.7883627,0.012568717,0.0007247056,0.0006577962,0.13963836,0.0050254115,0.95124495,0.0068333657
IL_9436519,0.1136266,0.7000843,0.0015635355,0.398005,0.007130531,0.0048148613,0.011036223,0.09625716,0.14200684,0.109015495,0.0006790749
IL_9503512,0.37793687,0.8465707,0.0004839275,0.67720324,0.0208664,0.0009783356,0.0072092456,0.17553595,0.12933286,0.12915115,0.00065436854
IL_9521484,0.5879048,0.5528023,0.0012893436,0.50142825,0.26928455,0.0024753604,0.0009203728,0.45337787,0.0076107597,0.4331865,0.00033398427
IL_9540224,0.64489883,0.9567272,0.00044255352,0.2967209,0.34715244,4.3217326e-05,0.030835906,0.07133953,0.06403162,0.12468121,0.0013098689
IL_9561518,0.2787246,0.64068156,0.00045630374,0.42568344,0.0032858786,0.00117373,0.0067049996,0.07692615,0.014326752,0.73540825,0.011082826
IL_9572511,0.7240933,0.44098365,0.00023315097,0.82059985,0.03516639,3.012242e-05,0.0007103101,0.10878721,0.09943451,0.10181987,0.0129461195
IL_9601760,0.11899761,0.86604744,0.00033525683,0.699043,0.0028894078,0.00044724444,0.007018023,0.7027652,0.06900579,0.072908185,0.001783898
IL_9615893,0.068784915,0.89279896,0.009667778,0.6321203,0.123683326,0.04935337,0.0011975488,0.2088845,0.24169548,0.21025066,0.009440596
IL_9620950,0.37911502,0.5094498,0.04792857,0.8547015,0.010326345,0.014275859,0.0079935165,0.3361793,0.030588372,0.1987163,0.07277446
IL_9623576,0.9494241,0.7822979,0.46763882,0.58665013,0.00916153,0.24697429,0.0006396951,0.46827066,0.015358186,0.43699324,0.015596102
IL_9647002,0.06823259,0.87807363,0.07054462,0.5297867,0.26005408,0.02078395,0.115031734,0.46365944,0.1786859,0.20616208,0.12894388
IL_9655170,0.9472856,0.3407299,0.14830314,0.7789882,0.11668321,0.40904674,0.04804895,0.18532279,0.0070494483,0.900274,0.0037053144
IL_9669202,0.5896684,0.822493,0.009028595,0.5564941,0.00046082347,0.20734946,0.0032099735,0.08701089,0.05742466,0.43000036,0.06697523
IL_9675212,0.9897592,0.36166117,0.0015285711,0.89151645,0.0019353061,0.024644706,0.00027829883,0.3965799,0.08188291,0.050081324,1.1530124e-05
IL_9675469,0.028923681,0.3682382,0.004873579,0.12941241,0.026581507,0.0070016524,0.0006446587,0.42610317,0.27748317,0.9555798,0.037779402
IL_9692632,0.62291443,0.629694,0.0016668283,0.6271383,0.008144615,0.018951999,0.001483226,0.05186897,0.040460736,0.40857866,0.02345581
IL_9693077,0.0926569,0.7675959,0.028976604,0.20564215,0.04089804,0.31929165,0.21068989,0.747317,0.3342913,0.0047448394,0.4376155
IL_9695113,0.6030758,0.15030836,0.009169596,0.551509,0.0013675452,0.0014712057,0.14157069,0.24479915,0.022879625,0.99208915,0.44228518
IL_9696386,0.17716178,0.9228701,0.016182302,0.77011436,0.24687032,0.00023870482,0.00084168813,0.025482932,0.07259773,0.10156051,0.006567751
IL_9697828,0.053051893,0.44461364,0.022285853,0.8378429,0.020028697,0.00083456206,0.00030227925,0.12467051,0.023853997,0.8866557,0.2998453
IL_9702105,0.44337168,0.893736,0.0024156685,0.47898445,0.29756755,0.00055676134,0.015167481,0.032997493,0.11467429,0.31308442,0.07362528
IL_9713310,0.2030793,0.59128594,0.17949824,0.39281,0.017769035,0.018553961,0.06160717,0.14877556,0.027782047,0.727662,0.0004023928
IL_9722277,0.33557254,0.83477765,0.030267978,0.0711532,0.43746233,0.020922871,0.040742647,0.29321268,0.2107374,0.055783913,0.009264205
IL_9728655,0.034470096,0.8077079,0.00045860527,0.28374457,0.0002214377,9.569363e-06,0.019768752,0.53757644,0.031103123,0.68920195,3.5226345e-05
IL_9747613,0.39128646,0.39334083,0.11972767,0.7532901,0.24252388,0.007615784,0.024231665,0.50614035,0.07791488,0.885757,0.0027395491
IL_9776207,0.071893156,0.32936937,0.004549067,0.466324,0.20724611,0.048834037,0.0625132,0.29702306,0.06494679,0.46173024,0.22989114
IL_9785286,0.18643442,0.15518692,0.19006854,0.28670314,0.15964268,0.023820376,0.004867466,0.92574674,0.96139383,0.003169195,0.13111278
IL_9794109,0.17144416,0.13193619,0.053342372,0.07899952,0.75026786,0.03202644,0.011061259,0.53688884,0.824184,0.12030636,0.006888255
IL_9810905,0.5617793,0.84916466,0.040068876,0.78869826,0.010440765,0.002988893,0.015847415,0.23785405,0.0267133,0.69740033,0.020512005
IL_9831983,0.2155999,0.62810767,0.00207589,0.4182529,0.03555259,0.018754134,0.010140669,0.58631355,0.039439324,0.9285819,0.011344299
IL_9896495,0.8299972,0.081367806,0.048506554,0.64720803,0.0003216726,0.007534997,5.9272665e-05,0.7121847,0.04564385,0.7832744,0.0005929032
IL_9908692,0.5967944,0.9718149,0.0012323499,0.19488148,0.01558426,0.035867766,0.0035882182,0.07731136,0.05424616,0.021876756,0.003970563
IL_9914512,0.7584521,0.8822253,0.0286533,0.62864816,0.0027985522,0.0060656033,0.00021842377,0.048065443,0.0057301056,0.21481654,0.011540241
IL_9931816,0.6516774,0.12960202,0.09525202,0.3402993,0.0020345992,0.10590665,0.004318551,0.5949738,0.3720587,0.480539,0.008977721
IL_9962396,0.08291425,0.6623881,0.0026531995,0.9675974,0.016428923,6.9519185e-05,0.00015962323,0.154031,0.00086260244,0.6232382,0.00040379917
